true_values,mlp,cnn,transformer,mle,bayesian
0.18514530782092642,0.12798265,0.2494007,0.17724225,0.21050463641295303,0.10226664003789876
0.17422384931050816,0.098609805,0.21913132,0.17710303,0.21596232609565158,0.12025561203182578
0.17058583115850412,0.18172893,0.22092688,0.17639062,0.21446726540159622,0.15687949108458432
0.16492328789300137,0.18502554,0.20370153,0.17797045,0.20164447353539927,0.11401170357469614
0.1938520854892931,0.15181834,0.21591252,0.17742173,0.2544309410754976,0.16142112236528794
0.14886241851653936,0.2310337,0.23028144,0.17667758,0.2540529453273097,0.1513738869895045
0.282731280886091,0.30432466,0.4140893,0.29052004,0.3363709269757449,0.25747947376184577
0.1569568865579647,0.18176062,0.26570505,0.17756693,0.2551923578410409,0.16397823812670964
0.2860767691283763,0.23961006,0.2637671,0.2839234,0.31785639883320826,0.24728165079820252
0.22290097239784334,0.22081718,0.23793346,0.1770288,0.29496135590185824,0.1877318792229754
0.2446232081983165,0.3169449,0.39347056,0.29971385,0.30496083683334185,0.24489327705696273
0.17637551145481334,0.15463306,0.21677548,0.17577337,0.21478868350119928,0.1324802128554612
0.22935082428206555,0.32462353,0.2605693,0.2665752,0.24967981727323352,0.18046826967862584
0.1908436115601453,0.14371878,0.24372008,0.17683233,0.2772736668164719,0.2096305695271472
0.16134218759461505,0.19690336,0.2081798,0.17677306,0.25056472715474076,0.1644017638669394
0.14804181094589186,0.1247991,0.20900461,0.1741863,0.18133873097060693,0.110219083755706
0.14337941398484944,0.22796753,0.25031748,0.17736241,0.24282789067845578,0.15986306298270625
0.24948426447781857,0.24552062,0.37402448,0.29088658,0.2619820831059103,0.18734262032907067
0.18046696304173504,0.2551753,0.22816965,0.17606682,0.23117338976137702,0.15433122510346076
0.16439754509861504,0.17891346,0.24305728,0.17610514,0.25899046842280427,0.17269071237443046
0.1747462102354349,0.19379674,0.22803196,0.1774411,0.20151795423441,0.12520565186341903
0.17646149977650327,0.18819818,0.25195038,0.17744689,0.24492065652843797,0.16672813450961566
0.19174643498687638,0.17903829,0.21996912,0.17585076,0.2536586760113645,0.1629177117657551
0.2884964999110238,0.29673603,0.45950136,0.3087551,0.2641801441804116,0.21240733330975592
0.19741804714997113,0.21079594,0.23652112,0.1767451,0.22084525520088194,0.1508162649012238
0.15574918432228024,0.1772767,0.23777014,0.1798657,0.28280834213395845,0.2052719289394015
0.26225252156885603,0.263265,0.2719293,0.26906478,0.2300114148466047,0.14722558262883634
0.23654689107307902,0.11917162,0.22501251,0.17753117,0.3014524985824909,0.19903888893812383
0.17889477881822557,0.17292188,0.2374725,0.17584601,0.26088667586239145,0.14620010737003708
0.19469376754342715,0.14341517,0.24836108,0.17748685,0.211753062644494,0.14845003979692695
0.11491098665996302,0.12379727,0.21831045,0.17547537,0.16917133191668632,0.09307587271141993
0.22070180983973375,0.19296128,0.22388574,0.17708914,0.24657661340614978,0.1734063379887376
0.19689295263334483,0.15768777,0.24658784,0.17842525,0.21439771409069586,0.15567357157667394
0.16811140130328506,0.16424643,0.21922025,0.17763457,0.1897735103755741,0.12693696392021225
0.18435021675515606,0.12389685,0.22170207,0.17506833,0.2919320406351468,0.15424944948334307
0.22725329093902258,0.40960506,0.37943166,0.25346598,0.29201043065198484,0.23769101039752616
0.14989506426721366,0.19956967,0.21287051,0.1774374,0.23845900248908347,0.18242254010134162
0.19326976758119963,0.19449657,0.23626813,0.176466,0.2924441768267857,0.203214410633494
0.15216453972133248,0.24866019,0.23647904,0.17708467,0.19232043298214763,0.11379917803406037
0.18055009132853928,0.13356707,0.24477717,0.1784246,0.2589352467865692,0.17029456495934414
0.2092756522729332,0.22808057,0.23997417,0.17553012,0.22157812975018354,0.153943334953486
0.16280059744028152,0.12082827,0.22844633,0.1769426,0.2206259197508571,0.11792419338628934
0.25422152159454403,0.34448248,0.43055165,0.3172441,0.26884513867139104,0.2250690105058668
0.1523851500937785,0.17704196,0.21642026,0.17578414,0.20607239051652693,0.13012823433759024
0.23563136270271745,0.18874589,0.22905836,0.17701007,0.3003467679942162,0.21965111948009897
0.2813360900352634,0.2595684,0.30740896,0.20298386,0.35392813584960914,0.26619933753847436
0.29102142427728617,0.3984995,0.43105838,0.2862718,0.31935000106536937,0.2602355206306022
0.1574767121776477,0.1176935,0.21813104,0.17675233,0.18500281317068445,0.10905997348165619
0.20401627763292352,0.11816864,0.20297942,0.17673111,0.26777461475955455,0.18765141643700756
0.2988105702468582,0.2426069,0.3382876,0.28348547,0.2905501410882957,0.2267312520299405
0.2868090243037478,0.33025104,0.4887406,0.30432248,0.3880856891421869,0.31698947052614934
0.2765612370436772,0.32486916,0.4708781,0.26177105,0.3042820334989118,0.2416374513325137
0.24610924427024772,0.27215496,0.29527524,0.27779722,0.2606204249238271,0.1704066071978687
0.19383920593827642,0.15798457,0.2496236,0.17679742,0.26422565212088966,0.16521162892450225
0.18054935911791137,0.16669147,0.2052066,0.17740068,0.25481101376233717,0.16310388573172085
0.18601621891957099,0.158939,0.2371417,0.1786605,0.19108273572967982,0.13232185100067284
0.2913341132778471,0.37397927,0.45853394,0.29169977,0.34873210248430686,0.2774077597705751
0.17276729640138788,0.13882622,0.22850558,0.17669307,0.24321000934020975,0.15086359175687458
0.17140273378371762,0.17334473,0.22761816,0.17818312,0.22280493122917333,0.1521033410370085
0.18219166136916065,0.19996762,0.20805255,0.17736267,0.2438616626630553,0.14564724802779994
0.16336225021744755,0.17779753,0.23705873,0.17817815,0.2080909786161903,0.13850154465197728
0.2768316166682504,0.3083893,0.48852828,0.32819197,0.3273623994799313,0.26377593478971884
0.2368915486174641,0.32851076,0.43769488,0.28387386,0.2811934936275835,0.23779740356546009
0.2379816258080194,0.20983824,0.23383227,0.1763167,0.2564049125039165,0.16895914502412013
0.17987339067937103,0.15947461,0.21857157,0.17804189,0.23353601334646745,0.1657266202004528
0.22586912477292254,0.18639654,0.25267133,0.17708045,0.25998864456447457,0.18043329007514797
0.1588921011025155,0.16338904,0.21127626,0.17695338,0.271343461384441,0.17745030634821912
0.26076374022253157,0.23136681,0.32190904,0.33363748,0.21755940091217973,0.1565905564510044
0.29301205206504344,0.30907956,0.37078524,0.28331637,0.26672091316979474,0.20311523452247204
0.1696611217811731,0.20516999,0.25189766,0.19814025,0.19814849140696467,0.13375757774981867
0.23584429523949835,0.27308223,0.3906332,0.24867474,0.2731884351928029,0.23193098475263318
0.19040633179591016,0.17086908,0.18749478,0.1769016,0.21563039019887265,0.1305745954577846
0.22232090588357145,0.24447733,0.26680422,0.18400197,0.2587880585342184,0.18065452365300616
0.19607201503342941,0.19475377,0.21807823,0.18813722,0.2814310517374473,0.20985613073278453
0.1927364110074523,0.18633798,0.26861137,0.17769311,0.23142585811948213,0.1523086542159484
0.1918857066043348,0.20010336,0.22340843,0.17831947,0.20538405786615055,0.11848418902690061
0.17374630583300832,0.26341406,0.32317245,0.20537451,0.24959821848479735,0.16217186046777676
0.15338521106092484,0.16426232,0.1922842,0.1780958,0.1894869671805084,0.10928536993447169
0.21053788941102736,0.11520234,0.21470699,0.17775322,0.22890657711447293,0.13594982019243174
0.16504082322055846,0.19385651,0.22376952,0.17772786,0.20263763217262132,0.13340673394855473
0.26611172430164054,0.2016931,0.2760133,0.17825249,0.28214376418636333,0.2096325357417259
0.24547906990894885,0.26085377,0.30940926,0.22342786,0.2786548734524328,0.2289356315512585
0.232885060575168,0.23028757,0.24705368,0.25129414,0.30709322233709013,0.23333710750571335
0.21591660320398753,0.21018963,0.22964057,0.18366875,0.25071312559840075,0.18932592513987279
0.2776360672617789,0.17468053,0.2898912,0.20860545,0.2815286029027657,0.24118999281707842
0.29626261035465584,0.36237168,0.4733656,0.28595775,0.35675778250957413,0.2903231406187802
0.21416708512139837,0.21472777,0.22145343,0.17649592,0.19471618543141167,0.1273846545052677
0.1920246516780011,0.22346514,0.25593224,0.18313226,0.20994159236606236,0.14312146221171296
0.224647694812648,0.21650487,0.20458382,0.17707951,0.22984630072209722,0.15919101527035495
0.28675719169062197,0.21230641,0.36248603,0.28562266,0.3068062974163466,0.2341124000130146
0.28694407795130794,0.29691368,0.35827312,0.33007994,0.26855150414943973,0.2167115317589503
0.2943896686333345,0.33518758,0.29523274,0.24890319,0.31703085971415557,0.23555788757092944
0.26890057268794887,0.31876567,0.29025415,0.22943489,0.26894713735134923,0.19482443973928176
0.18131714445800395,0.20596243,0.23703918,0.17740111,0.27779278347647374,0.1815979215047998
0.21449179496143456,0.14056998,0.2094132,0.17575066,0.2166372075077705,0.13267866801981976
0.1860639277888444,0.11892256,0.20807359,0.17590898,0.22770144154011085,0.14490876885595882
0.22108200865141436,0.18307054,0.20559332,0.17796396,0.18834693536996994,0.10308337384532873
0.2254313500444659,0.21157128,0.24090558,0.17638896,0.2556297801319576,0.1941396120856136
0.24271035314878087,0.29981136,0.2517536,0.17857559,0.3006625543277882,0.1926151607519847
0.21383607182407938,0.21537782,0.22313055,0.17638962,0.2600880712457565,0.18422277408016485
0.5199838179044147,0.64189285,0.7941923,0.43575388,0.5492159876720342,0.4982977398277282
0.41968117086767465,0.3664504,0.436182,0.45907634,0.34995906663536025,0.26537308958965977
0.45857286478099946,0.41394064,0.51605344,0.42544055,0.3993429815475644,0.344000700333975
0.48627931650157386,0.42473608,0.5025791,0.46258882,0.44680145636921975,0.36544481884209024
0.47624753101072126,0.4749215,0.60960394,0.47306657,0.4438661179238489,0.37912781144165764
0.46204791803186684,0.32735348,0.463728,0.44528252,0.39364860163641746,0.30818041866248636
0.47463804769197715,0.42545635,0.4742094,0.45266768,0.42960327216735483,0.35404541929074396
0.45665729891037943,0.46200466,0.5480833,0.46913046,0.43426614247158046,0.36482284796921216
0.46779032634856943,0.48143175,0.536393,0.38700992,0.39920445628718304,0.30938154280385954
0.4381391345993939,0.4071406,0.57025963,0.5100132,0.40972382268813967,0.32785366636135227
0.559232191881238,0.32974845,0.5435052,0.4255314,0.45019529628445176,0.386555500669001
0.49952223843566623,0.45374054,0.5816438,0.49810088,0.5350317370835092,0.47839151320335316
0.49491838158370816,0.46277788,0.527458,0.46866357,0.42011457621603254,0.33211409619873433
0.40083777743343907,0.43141496,0.571863,0.502825,0.39945280598508726,0.33568834905924505
0.3689071937271866,0.45280492,0.5498161,0.4516687,0.33303383913905993,0.27404810897312837
0.5487265545849853,0.6840467,0.63930976,0.5089205,0.48633748281640843,0.43893517692280193
0.3506298291293606,0.4516104,0.47499892,0.4619565,0.29482300880647117,0.24416017232756737
0.49162968057518064,0.6606447,0.5537691,0.5335066,0.48414864510016065,0.4531925496311737
0.46379611842261614,0.39673644,0.4760135,0.41604963,0.3584009747015484,0.29205600874652093
0.41637734485752464,0.45219025,0.50995404,0.46791703,0.2930256932819273,0.24265759551608657
0.47963171906979696,0.6697139,0.75999594,0.51448846,0.4508522286271197,0.40078957003503557
0.45509863994865063,0.37745523,0.47897497,0.45288414,0.394333770259402,0.33525782707846075
0.4212886073391656,0.34555337,0.46838045,0.4640293,0.30791717147059516,0.24603496629426558
0.4756212526131651,0.33058792,0.5119291,0.38948536,0.368852164053884,0.298972214289964
0.4247205007660404,0.4572175,0.5831051,0.46138385,0.42245621982241954,0.37004851778527215
0.4625595231504921,0.4574703,0.45810643,0.4445498,0.41933554186546607,0.3580648537952956
0.47006861685835133,0.48310536,0.57193667,0.46515286,0.40983775478593865,0.3515448950780319
0.5853598667762809,0.80090886,0.76101834,0.57014143,0.5129465366051771,0.4860335789931898
0.529236198832429,0.56523526,0.61020213,0.525598,0.5057610144028841,0.42852860009067106
0.4543814139814244,0.45906478,0.5100059,0.4171682,0.380441675447417,0.2858324067221947
0.48088114696298223,0.48065776,0.5011423,0.41874343,0.39716978800434255,0.33784534252750476
0.44558157639506457,0.418605,0.5331403,0.48775226,0.41199976140237293,0.3434900698293497
0.4314074433984031,0.50159395,0.5443221,0.4853137,0.3923238374770228,0.3473933220376666
0.4039602791279151,0.34904286,0.42653966,0.40372407,0.32270877147170607,0.24711400054519173
0.5047500432819316,0.8190292,0.7641334,0.70959914,0.504721253113154,0.47811792362746053
0.5273286840842855,0.44801524,0.4878827,0.328202,0.42591769772047416,0.3581338450436806
0.497284268886212,0.46400034,0.55664957,0.4599601,0.4348352793943102,0.393445845993181
0.5744750075989427,0.61658275,0.72775406,0.5919095,0.5300816431139088,0.4918545262098748
0.4895558785472016,0.6021916,0.5894479,0.54418993,0.46651915450517567,0.4026670384426181
0.4501969548242686,0.45209154,0.5763428,0.45392382,0.3891103262754342,0.3226465130355505
0.4838137792226166,0.44208902,0.5030504,0.503714,0.41458475732942746,0.34816847232003045
0.42107937167005294,0.37195396,0.54989254,0.44360566,0.3473580994708202,0.2865479164917826
0.463182563705956,0.43968147,0.5705196,0.4666276,0.4501125738505031,0.39034642486176896
0.4878119372362065,0.40850735,0.5539996,0.47997594,0.4467448598016317,0.3748341106932005
0.5049730499735605,0.49869153,0.5310285,0.52135855,0.4532621605867877,0.3907961882484926
0.3747523847644054,0.31698912,0.4410374,0.52997136,0.30866171719901925,0.24967184103506268
0.37209149118551643,0.40318456,0.46570876,0.44135123,0.3232564340102819,0.2320214890673149
0.5739566236849307,0.78449893,0.7926119,0.7763027,0.5436142080706909,0.5107547335267972
0.39038797931304137,0.5887693,0.55034035,0.46608743,0.37513345831242806,0.3112867299948201
0.572208408568621,0.55773455,0.60892487,0.48928398,0.5191065790504743,0.45942476545658495
0.5287805839444311,0.79319566,0.7975897,0.52395964,0.45862212842276684,0.40781618576638323
0.3775303702366847,0.35740054,0.4174758,0.4547969,0.30344786969002535,0.2222981947399254
0.3517358375599463,0.44361988,0.4920951,0.5097529,0.3486305643348393,0.2694221497163589
0.499765416878425,0.44011176,0.51649964,0.4651925,0.44772254190576966,0.3708688775386021
0.5472949416278214,0.62121415,0.8427833,0.73051286,0.5033497401424831,0.46748384460344816
0.4302610821100308,0.43119556,0.48174486,0.38863534,0.35446811632089337,0.2745520429878262
0.41674045506159263,0.59856683,0.5976234,0.5116488,0.3932612368151187,0.3501798983975305
0.4764081053322716,0.4291152,0.5695261,0.43702,0.4313129512491206,0.3678029147498437
0.45434076316797245,0.4187774,0.51677465,0.43690634,0.430155531132034,0.3570097330311368
0.4475887674521516,0.40840012,0.4854061,0.47156146,0.34148697597725675,0.28893351776400344
0.4862288521861252,0.71125853,0.7501697,0.58009243,0.49898019394521964,0.44686896052023495
0.4642922649078103,0.45644394,0.49892834,0.48950797,0.4023088400785215,0.3491368696286623
0.44240416064540233,0.41934896,0.54725397,0.49836296,0.39655335429281413,0.31018095538549173
0.45244642219409814,0.44576502,0.47565785,0.46756828,0.4020947393991696,0.31267389386289635
0.40998720519339416,0.4495558,0.52784675,0.47808123,0.3968489309125941,0.34527655270148117
0.5363710897531364,0.5507884,0.6111205,0.5980332,0.48621503208450223,0.43715355024727964
0.4678656637201124,0.53952146,0.50260556,0.54909986,0.38241481440666714,0.3307456474579036
0.4974944305661586,0.75992316,0.7443636,0.7637839,0.48011417368504317,0.43271995085494186
0.5494864925521226,0.40828463,0.50072825,0.4605261,0.4554852030942048,0.4013011355508449
0.5213276090124519,0.57912576,0.55492866,0.5876177,0.5009947668023398,0.43791400649154777
0.5430992200233691,0.5025464,0.56120306,0.5140561,0.48430595161100265,0.4265171584465721
0.5347043116947703,0.53246444,0.51725453,0.46092814,0.3964294964083681,0.3299374841368192
0.4749602699403228,0.464819,0.4921287,0.4597451,0.3566168687078999,0.2928829127391184
0.3955492656562133,0.4702421,0.47804242,0.4856633,0.3405140586476474,0.28256799153666334
0.46096562852208445,0.3811957,0.51509255,0.5001474,0.33803094123704136,0.2721809312585022
0.5041156415338359,0.49336123,0.63888234,0.49611726,0.47752500729680947,0.4005846360684089
0.5460492737835505,0.5017402,0.5231485,0.49902338,0.47459779442682115,0.4183711944627836
0.41429971361252593,0.46778476,0.5378307,0.53650665,0.4010191718528673,0.3376047333468293
0.4696482707048444,0.4867448,0.524784,0.5335727,0.4103608420818231,0.3574050922521739
0.49718489620298445,0.39850298,0.5537522,0.456165,0.41802793704735686,0.34918967213056906
0.48328955144399854,0.39949414,0.5384089,0.49450243,0.45590423887789644,0.3921419723785585
0.4607551564863287,0.39136004,0.5180045,0.5028795,0.394341753920888,0.3321578391963814
0.5052143660906969,0.5092299,0.54667497,0.48865408,0.5004922732550614,0.4593512716609245
0.46828947024558687,0.40688884,0.52027196,0.5108321,0.3879910630005238,0.3237616923534199
0.48958523665897047,0.45306498,0.49260405,0.47282225,0.4044215892527119,0.3601611138089338
0.5522994027072297,0.7654254,0.84906954,0.6652604,0.5475920301411001,0.5108023808776074
0.4782777727582592,0.43818545,0.5132082,0.5174352,0.42693111667488837,0.388817663059174
0.5138697392185256,0.35591325,0.5765314,0.48299247,0.4169781402719873,0.3495357432836953
0.4421237874850704,0.6232403,0.5851685,0.47134188,0.4095451468775376,0.3471937240794536
0.5354224671035279,0.4853918,0.5650538,0.48872566,0.42631918599276264,0.38319810485490036
0.5820048822381116,0.39018726,0.49492207,0.46400467,0.48886110533617,0.3785908693255815
0.5327143034113804,0.5811606,0.60916525,0.52887726,0.4603021214108307,0.41305659906545
0.5248880882854476,0.3929792,0.5238424,0.47251067,0.42739613115554365,0.3580544223690877
0.457968770199523,0.49219593,0.45759693,0.44933325,0.3728254444716783,0.29691267021590817
0.4759424100358689,0.47139737,0.59128696,0.49524117,0.44825671063365313,0.3986182492160353
0.44612298471068756,0.56409335,0.58243185,0.48843765,0.4228112479590991,0.33341664302868546
0.3938959012748704,0.43879333,0.53349984,0.4927913,0.3578846058810624,0.29816059270126716
0.5047890958945975,0.33353117,0.5165123,0.49535227,0.3851591821261584,0.34230304654206656
0.46799402163750803,0.48751083,0.5242972,0.49871302,0.37126743903242265,0.3253044816678383
0.5525519810559676,0.5810969,0.5958526,0.5309893,0.5363036871504665,0.4961159278602697
0.7946476671944787,0.9877522,0.97230333,0.83042055,0.694856569936606,0.6735919875441903
0.6387630010142717,0.41614026,0.51479244,0.56740725,0.4836719489243535,0.42261935082350144
0.7368799162286739,0.9466134,0.89508265,0.8652419,0.6511271144592423,0.6260631283109106
0.6714485527139125,0.78833586,0.86435306,0.7926326,0.6202966750428673,0.5950645937950705
0.6228999076943329,0.65171576,0.6395718,0.50928783,0.5374339372238373,0.4555655821864295
0.7988907746636567,0.79596347,0.93302965,0.94115996,0.7129182757172028,0.6693986329444173
0.7902358134869365,0.7995145,0.84063876,0.7867341,0.7307879339304546,0.6899379706813642
0.6900343665698505,0.7381133,0.8124676,0.92455906,0.6332512581032099,0.6075363747736142
0.7344970431486841,0.76804477,0.9303895,0.7727208,0.6293067088369511,0.5955351830148705
0.7847647499876875,0.8467633,0.94059724,0.844889,0.7665774852009242,0.7407425752396861
0.7795228465747912,0.81254554,0.8118962,0.79259306,0.6518117366298495,0.6339082578068727
0.604097259098813,0.56247497,0.5640332,0.52226704,0.4973817696444297,0.40170129591731807
0.7378382850247052,0.5734308,0.6862106,0.6137299,0.6342751757859444,0.5791372483638457
0.6227036285874998,0.6027472,0.87484926,0.6492853,0.5629088125498378,0.49612150855491377
0.7902299711749521,0.9317846,1.0676357,0.79188716,0.7379446832626311,0.7082982308750503
0.624613267970902,0.6154727,0.66396314,0.6189665,0.6052380717792412,0.5352244239876858
0.8412225725265434,0.89915955,1.0630139,0.90887755,0.7796368595251675,0.7463731877514803
0.6845158946363707,0.9485024,0.8904439,0.7742451,0.6401461543872413,0.6045123652435078
0.684516910707951,0.452002,0.6452411,0.5210693,0.5457246001661282,0.44946941794983886
0.7907854172776627,0.8337206,0.93337107,0.78969204,0.6739576395131321,0.6550009227444509
0.7798960869395795,0.86821103,0.8144828,0.81461513,0.7067472122254754,0.6699172994806124
0.8618105758519188,0.81227034,0.9865499,0.81371236,0.7390066773372808,0.6968398021221436
0.8120447637807717,0.96787095,0.8974878,0.83523,0.7314092366241813,0.6962384478386114
0.6162376369513527,0.6655711,0.7844823,0.623152,0.5018161065167877,0.4403274268429326
0.8730725813528792,0.8234666,0.904435,0.7509968,0.8375549773207456,0.78678456630713
0.8343025415613246,0.90297866,0.9516477,0.8531153,0.8294231260728455,0.7978752255718318
0.8183979899728158,0.86133367,0.95031244,0.96409535,0.7319015418153965,0.7102548304952836
0.6606938235769517,0.51790273,0.60500497,0.5417352,0.5452504111634009,0.48114596356993955
0.8234585671831769,0.885619,1.0465657,1.1130853,0.7744316321795348,0.7454353014227002
0.642710515906364,0.5886816,0.6212016,0.5048365,0.5033906055160475,0.4462160055005874
0.6290788497888402,0.6172616,0.5503813,0.6395253,0.5177439646160029,0.4729970637154214
0.7029139208986326,1.0018651,1.001118,0.96275324,0.6049744635403245,0.5710279916529877
0.6678972013082336,0.5086501,0.61974293,0.57832307,0.6307292825092714,0.5858410483336101
0.8315292342849778,0.8716615,1.2156208,1.0329117,0.7522443120704478,0.7251122165853343
0.6727430211515351,0.8162872,0.8056865,0.8956592,0.5484309039940425,0.5130047682361041
0.7103082900383522,0.8839715,0.9888219,0.79521406,0.6279555882905161,0.5940355548044702
0.6103429512375442,0.52383614,0.6007413,0.50818413,0.5103718347120423,0.44611040330899776
0.8187280627929003,1.0721841,1.1998926,0.8673642,0.8128063637246816,0.7866729076955523
0.8295930554259745,0.8662196,0.86555475,0.7110175,0.745703408256873,0.7230838162593693
0.877746567093951,0.89226454,1.0635257,0.81538427,0.806992862757514,0.7753109334394142
0.8245315425698116,0.97028524,1.0180762,0.78384185,0.7562117203902947,0.7361035601648487
0.779313917642289,0.9484919,1.1118455,0.9529535,0.6946940530007315,0.6679312154134813
0.6713226064216784,0.5695516,0.5860697,0.52072173,0.600578113324171,0.5249969409946671
0.8402773170032143,0.9518588,1.0486406,1.1085137,0.8489273449248524,0.8326772025711251
0.6480245204459232,0.5192274,0.6365306,0.5824155,0.6283568443096152,0.5346856161697549
0.7367317009912395,0.97153884,0.8649496,0.9358289,0.7050000362728563,0.6517040162232282
0.6968149697783004,0.68490624,0.68995327,0.63514495,0.5807246485229856,0.5248341145632169
0.7627333370119755,0.77613235,0.805791,0.9074844,0.6767187815043452,0.6444502853292189
0.8712155878507231,0.94427407,1.0242025,0.7926753,0.7221192503376486,0.6995579473655982
0.7877875128549849,0.79213977,0.8477706,0.91754186,0.6910792395466554,0.6663983559357063
0.76493110977024,0.81086034,1.0625007,0.7727374,0.7312963046292331,0.6973760468487109
0.8375530935847286,0.83815324,0.88096344,0.94896877,0.7570179737304101,0.7260894014513195
0.6071215066329931,0.5264886,0.6253733,0.58957064,0.5345849734737145,0.47525756610167047
0.8644450585216714,0.97337914,1.1721388,0.95097965,0.7797253964479498,0.7402704365012225
0.7735713493845262,0.9115378,0.9979974,0.8300463,0.6724414267611465,0.6559560466233827
0.7740639062719306,0.92633253,0.91706896,0.84803265,0.6701496390159534,0.6556905191807219
0.6237012976266447,0.48627383,0.5907198,0.5704901,0.5168860539655353,0.4528464564545335
0.8421210110186585,0.9469879,0.93258625,0.81058705,0.7208197323490522,0.7036346993404297
0.7022467567715585,0.73360926,0.9654651,0.61367655,0.6400285921523112,0.5976041931938609
0.6826526692428907,0.7725157,0.9233925,0.79704845,0.6690133510088256,0.6345219456424016
0.679713870302666,0.782093,0.89856935,0.8430549,0.6499431543706666,0.6290836227497314
0.8704072574993706,0.95104796,0.9478774,0.966612,0.7922977859744353,0.7622074856168553
0.6639134714842334,0.7595176,0.81445915,1.0077267,0.6151570815219458,0.5779337526344674
0.8324608136186269,0.8646578,0.95598555,1.0038624,0.7228215694010174,0.687024518707446
0.6600055668480849,0.89537174,0.93042165,0.85124385,0.593141701858992,0.5639781139942073
0.6491848509699365,0.62530315,0.7376014,0.650473,0.5505129254974475,0.4816398885888511
0.7888686940574892,0.8028816,1.026672,0.9917449,0.7379424279548947,0.7192201733086456
0.7545494198788281,0.8665748,0.9741517,0.77944344,0.6592376810160738,0.6333191201439483
0.7508352725586904,1.0454538,0.95720977,0.90059996,0.7096705534416232,0.6907242240952118
0.8394197539222241,0.955488,1.2159411,0.8128905,0.831968586817063,0.7854424882823183
0.814653172008275,0.8406217,0.9414322,0.9725307,0.7461685800952487,0.7244634767526592
0.8756609779496274,0.89360553,0.9775524,1.1015201,0.7475361526217694,0.7245502345822694
0.7239639625001797,0.45567423,0.6269476,0.6218577,0.6482497160110379,0.574883823897901
0.6056632514077833,0.62884235,0.7345484,0.5756715,0.532809526031113,0.46280806349759906
0.6414260623510708,0.5940999,0.7301394,0.6066891,0.5079842628651303,0.46237220527372624
0.6078834203978787,0.5397488,0.5849645,0.58620906,0.5327490133515336,0.4740021253568427
0.6728477538592543,0.7052962,0.66846955,0.55962753,0.5614271493599832,0.507086370545796
0.7253454420587824,0.8927231,1.0305291,0.9824497,0.6497496676400081,0.6254649692484788
0.790811721026107,0.97684723,1.1631852,0.8114754,0.7558000885321632,0.7333161124583143
0.8428335594467087,0.9706293,1.2064799,0.8045907,0.7739606804218899,0.750045002310197
0.639713898912659,0.8716504,0.7406446,0.5278584,0.6084366687790044,0.582416306937529
0.6977617319899609,0.77040756,0.8448455,1.1591194,0.6517287386103046,0.6212098863810795
0.7874982749379176,0.8158401,0.821737,0.9347,0.7215544067880832,0.6706831775631046
0.8674055695029121,0.85692793,1.0720758,1.0279484,0.8029596951434508,0.7640788794359836
0.6103185929584762,0.6581221,0.67118007,0.6053239,0.5100136052357229,0.4522829715232227
0.7630138700972782,0.875377,0.8616735,0.95001644,0.7000006662120883,0.6533798773815076
0.6661342339234086,0.675514,0.60780007,0.6255076,0.5228876618169518,0.44189370830911234
0.7459800832647103,1.049862,1.0245062,0.9724504,0.6498631004482616,0.6210078444281264
0.6910002659316103,0.67364717,0.8614231,0.64576316,0.650589518873417,0.5988904962104442
0.7021110114480975,0.57729626,0.59750485,0.47785902,0.5863534824613326,0.49241541704807146
0.6583070422584121,0.89120215,0.90112644,0.80427027,0.5573482660967897,0.5339978659262608
0.6331064486450058,0.9256912,0.749168,0.96543384,0.6144975473925758,0.5821970753241037
0.7827646067919285,0.9743714,0.94333917,0.84606415,0.7170489303864758,0.6686543440029005
0.7134344463204476,0.807406,0.96111083,0.71989304,0.663665498764979,0.6343617668266646
0.7746789161782379,0.92576283,0.9953244,0.81865036,0.7113612769391748,0.6704230891323042
0.6055348394969342,0.60172665,0.6970443,0.64560616,0.5585340751424468,0.5134233196047413
0.6717848752005127,0.695651,0.91693044,0.7153373,0.5639857701554665,0.5323199284655091
0.7580485076188634,0.8993817,1.1585668,0.9389153,0.742133372074433,0.7251710031953222
0.6808393353239734,0.52423775,0.6551791,0.56028265,0.61294319974239,0.5526394888358803
0.8054824524325856,1.047241,1.1476232,0.9981442,0.7616120050345772,0.7259250953548115
1.056866265873639,1.0798331,1.2369388,0.9282854,0.9876792969270998,0.9660895707959591
0.9969302125039459,0.9740682,1.0187007,0.89207524,0.9115237231084556,0.8867322538785947
0.953382639436386,0.86740017,1.0425752,0.9275427,0.8402018784972984,0.79454848658763
0.9894591242874564,0.9295933,1.0102446,0.96538126,0.8568375618445216,0.8409419518247041
1.048682098052494,0.8152592,1.1696767,1.0207684,0.9240323876313177,0.8854717787309649
1.0238197293220905,0.84226793,1.0846469,1.1779448,0.9561827564417618,0.9112580526039746
0.9884103641858752,0.82709056,0.89828736,0.98267436,0.9165178010058947,0.8636445740448959
1.0120651251711128,0.9771923,1.135953,0.8610518,0.9164206954226526,0.8839376305931346
1.08751780428759,1.0252087,1.2582453,1.192312,1.039004698132639,1.0115119067794915
1.0373412941366107,1.0378715,1.2530206,0.98981845,0.9396864753070227,0.9164271268569553
1.1462404736318559,0.96878237,1.1409924,0.96696925,1.0722992786412489,1.0503035194758532
0.9634811684198579,0.94286823,1.2457229,1.1436149,0.8407312329111538,0.8030143823452502
1.0901983878420103,0.9994993,1.1967613,0.83358175,1.0113658646731487,0.9794304039901027
1.030297866529557,0.9234695,1.0203592,1.2035053,0.8605166331289718,0.8367270911152345
0.9491137436361345,0.9191382,1.0885913,1.1494462,0.8596462399574183,0.8163105664763788
0.9821285161325364,0.92905194,1.0881925,1.149935,0.8815810556406638,0.8535488191435083
0.9990445833137065,1.1102536,1.199231,0.90534735,0.9340412866175782,0.9039537643027775
0.972326060906541,0.9301967,1.2199807,1.0035294,0.8763625428685038,0.8529224843279786
0.9478301825634037,1.0450385,1.2121439,1.0269753,0.884127361411833,0.8518149665000254
1.0706436265807922,0.8614605,1.1016071,1.1099452,0.9928888448206297,0.9348697211916974
1.039342366277671,0.9180419,1.1278051,1.0258603,0.8793209474734691,0.8438008054798287
0.9702375078956869,0.8839895,0.8828057,0.9099883,0.8374091990159604,0.8020408107295753
1.0492854976252177,0.91545993,1.1590596,1.1526752,0.9770286959389245,0.939775075366277
1.1830438171866333,1.0301166,1.2604811,0.9576782,1.0989610075771212,1.0696238932870141
0.9968872637806103,0.9724628,1.1225332,0.96046424,0.9570703046942755,0.9281639245396076
1.0038721505024173,0.7725896,1.0634468,0.8817014,0.89535401433174,0.8519823454736768
1.1764561144347676,0.9487701,1.2926242,1.1896518,1.0868138497921507,1.0376185853412445
0.9485210268820801,0.88914144,1.1655097,0.9462751,0.8404555781863139,0.8173298022763344
1.027225677037399,0.96430176,1.1121356,0.98482704,0.9520282654968399,0.9207195670789425
1.0492648332362875,0.98461324,1.0539918,0.7753803,0.9568438672616071,0.9206153013803857
1.0364203814486324,0.9557324,1.2211226,1.0766613,0.9280904860852,0.890039312920428
0.9041574168711244,0.9013579,1.1828259,0.8242242,0.8230419666020534,0.7983313986690119
0.9650044257739354,1.0937846,1.1109843,0.983212,0.9205050176774328,0.8929062434387682
1.0431058363252124,0.91892755,1.2161881,0.9378378,0.9405512288109152,0.9150280136736106
1.1217347384044394,1.0413871,1.2328056,1.1856406,1.0211550525858184,0.9794157072008003
0.9872076682431161,1.0019891,1.0734495,1.1331744,0.8822227097069695,0.8354791599789582
0.9411623437394772,0.982018,1.136564,0.9585452,0.851366838846459,0.8303506977440618
0.9719673206878228,1.1152222,1.1444752,0.9742636,0.900227779185895,0.879365619509864
1.0083466145072948,0.94518167,0.9749992,1.1755369,0.9246913293045265,0.9017133190996585
0.9483843029644838,0.927345,1.110309,0.96329725,0.8654644097238957,0.8349704420576911
0.9504189284280211,0.9246024,0.98836225,0.90779746,0.8519729751713672,0.8248417254273781
0.9512201320583602,1.0181695,1.0995706,1.03246,0.8232336114446104,0.799235221806073
1.0630928304890308,1.0612079,1.2017341,1.1444938,1.0143473999216042,0.9811812249328073
0.9153218053119143,1.0451813,1.1603376,0.9710145,0.879440344394661,0.8571655414778898
1.0148993223565599,0.9324744,1.1120203,0.8664176,0.9257146305653237,0.8919493235845644
0.9077478481813595,0.97136885,1.0024021,1.2193731,0.8203487524057884,0.7972411825124519
0.9517751050594632,0.93923014,1.1048176,1.1309326,0.8791916593794653,0.8259340350870037
0.9635804150261016,0.9896473,1.0270926,0.9598674,0.8563737753374054,0.8353843318844527
1.0690506100315122,0.93663114,1.1122478,1.1097035,0.9376740587230983,0.9133232241225957
1.0798138358716916,1.0409298,1.1585182,0.9443866,0.9641993809533147,0.9338811458564162
1.0773935387035753,0.9162672,1.1149377,1.2099059,1.008338461332731,0.9629910373736732
0.9601749674671849,0.9340048,0.9867571,0.92499894,0.8959514011720011,0.8766605745862581
0.9141156573823128,0.9764851,1.0367225,0.9832656,0.8186037359456484,0.7832467876703739
0.9707945069597788,0.9151506,1.1360205,0.9657984,0.8648987702302109,0.8393337552999476
0.9700866906065471,0.817759,1.045025,1.2052239,0.8952517877010209,0.8628262752798754
1.027052614824174,0.9486912,1.1048985,1.082428,0.9616251370410152,0.9267148679486819
0.9266710279223864,0.9077273,1.0764933,1.0547485,0.836982319014306,0.8070775193122091
1.0528174746110655,0.9698265,1.1213855,1.222285,0.9572213397353959,0.9142287621127894
1.063589090338301,0.9211358,1.1277205,1.070206,0.910271885008584,0.8795678735475687
1.0950935886750255,1.0527267,1.1825125,0.868297,0.9957312143155657,0.9731461754798174
0.9703365245566848,0.8838958,0.9899532,0.89321077,0.8613787412490934,0.8371364576245715
0.9404603036628614,1.0214136,1.035325,1.0895054,0.8374490913651771,0.8029518469073071
1.0857019426392462,0.881588,1.2139047,0.85136396,0.9477996890062004,0.914013582753634
0.9284634949114334,0.907717,1.1302196,0.9806548,0.8544437068431954,0.824818390607791
1.0265962984487587,0.91920716,1.0848992,1.1990733,0.9610700947347963,0.940216246538613
0.9382319675650215,1.064178,1.1864117,0.95970964,0.8343117448935995,0.8052592465602333
0.9274863471023826,1.04484,1.1274316,1.1320264,0.8518082066716726,0.8187526546256021
0.9844981731125908,0.9029042,1.1527649,0.93624717,0.886040963623326,0.8577054117264531
1.0532417455407654,0.93008554,1.0986054,1.0079616,0.9671769639860179,0.941442398184074
0.9333880053591552,0.90884537,1.0290374,0.92692876,0.8569948166619321,0.8227457424468272
0.9598184477423133,0.93248326,1.0406275,0.96875817,0.8835202824381065,0.8682257173991594
1.0113548510170416,0.9879319,1.2919017,1.1087174,0.9284595115864085,0.8977014506513519
0.9502209043338059,0.9006267,0.9873803,1.0269343,0.8564729942172351,0.8082893524114843
1.030247617256221,0.95525736,1.1087476,1.1506509,0.9062751292005309,0.8718192957438082
1.1332214957200835,0.78401345,1.0684804,1.1972349,0.9607574375795003,0.9269937465524221
0.9540573677021256,0.91810113,1.150057,0.99633324,0.8315753095913971,0.8106523040843028
0.9513039794450875,0.97410774,1.0435069,0.9907373,0.8003797291194497,0.7821905811128298
1.0453572062208587,1.1392782,1.2572551,0.96966237,0.9723273176102332,0.9475596425784492
0.987067793998226,0.9920951,1.1807705,1.024854,0.9024586361174456,0.8810586066480666
0.9285567717177936,1.0388079,1.2938899,1.1371336,0.8453320297398701,0.8274032218541598
1.0634342687493086,0.9853794,1.19413,1.1802859,0.9479712454775622,0.910253710561771
1.0908039878876712,1.0483727,1.1187657,1.1144342,0.9303036324941927,0.9003845529992263
1.1813038059395944,1.0611172,1.1942071,0.9536543,1.0684523082986783,1.0380840927752786
0.9592208969843492,1.0068301,0.9908367,0.9688896,0.9350000288145917,0.9167085440855605
0.9960000116187089,0.8088402,1.0568763,1.1344923,0.8495589095217901,0.8238508102707525
0.9119356937075789,0.97057444,1.0404313,0.9456021,0.8259732439689078,0.793770801991146
0.9381247138154416,0.9738741,0.9313218,1.0158625,0.8216412326182194,0.7875144614119711
0.9712437946401329,0.95294935,1.1028572,0.78200555,0.7786361014864989,0.7555947494613235
0.9852393162711848,0.9869189,0.968186,0.9348693,0.8971960376736816,0.8752660682489513
1.0207753410447529,1.0522561,1.2231226,1.1797007,0.9285072410907884,0.9020656753546044
1.0007299734725912,1.0069935,1.2248374,0.9543898,0.9002662148859719,0.8697667835851424
0.9018147739646374,0.890816,1.1262908,0.96912426,0.8179275507701438,0.7850231243674424
1.1185848232086428,1.0003726,1.0758333,0.9598278,1.0377125301839483,0.9920655959832727
1.078802861507762,0.8503551,1.0362809,0.97671664,0.898772374720203,0.8877196235084492
0.9929223767764732,1.0168388,1.1269941,1.0024701,0.9843133382796272,0.9561912645939532
1.1204990555218566,0.8571334,1.1547112,0.9278432,0.9764646552801559,0.9422016728592411
1.0027117387959044,1.0888872,1.2174009,1.0778236,0.8948595067997502,0.8766183174893118
0.9933617493735563,1.0495898,1.1069219,0.95597273,0.9141714920333706,0.8958642643034966
1.0122989640486344,0.9185814,1.1084359,0.9622594,0.8965925287487497,0.858716497982265
0.9281776786727001,0.92696303,1.1445086,1.0907191,0.8231078038208319,0.8032676956895815
1.2335337007505733,0.9834402,1.2994705,1.2218034,1.17495442597951,1.126047044102027
1.2795206900382161,1.0467641,1.2464863,0.9618045,1.1255943753241149,1.087962528675182
1.2351303723134386,1.1023397,1.2074772,1.1798184,1.1452343411453612,1.1041784365816554
1.2308833805876493,1.1389067,1.2838234,1.1379712,1.1513352087988626,1.1094093130583942
1.2025179008158025,1.0776062,1.2448899,1.1812136,1.0797941798439057,1.0556411760283222
1.245883284159921,1.0098786,1.2843717,0.9875362,1.0803528086594736,1.0328105785224282
1.2396848713663653,0.96480215,1.2498158,1.1926954,1.142155572525707,1.1036751815655323
1.230957382105392,1.1250391,1.2597803,1.1690302,1.1405293624072153,1.1124871702740249
1.2560006449856926,0.9762501,1.2250267,1.2213464,1.0867185901034844,1.0390227232952738
1.2229258492361512,0.9570107,1.1825217,0.9750278,1.1467749727057033,1.1141689594998012
1.266879837863864,1.0336118,1.2713976,1.218288,1.1455248489938945,1.1239646044701261
1.2693274782099304,1.0755713,1.316921,1.2182869,1.152146015363694,1.127481308733943
1.254750299614042,1.0363326,1.2068169,1.1471045,1.1345746659417295,1.10467400699526
1.2356253265700987,1.0621645,1.2641788,1.1504023,1.1270784972770787,1.1022441410768484
1.2059838413679707,0.9563086,1.2064589,1.1573817,1.1245610173014817,1.097752190617279
1.2140713677429216,1.0667363,1.271985,1.1472425,1.066028474867676,1.0206777787682686
1.222208516687538,1.0166643,1.2288458,1.1268971,1.0602380091934158,1.0225944819079258
1.3304065744809115,1.1862981,1.2719415,1.0850843,1.2098155708023044,1.187973990556975
1.2260170064498652,1.024994,1.1206791,1.1641655,1.0634185970884742,1.0127443644752003
1.2143153062543206,1.1391549,1.2499844,1.1174916,1.1481742072758738,1.1276034476251047
1.2431611043588833,1.0539124,1.3018907,1.2248204,1.1422572593076261,1.10694674025161
1.2177313978962538,1.0156682,1.2186764,1.1016616,1.1027736640401757,1.0723793813466465
1.2248838481566084,1.1970377,1.2396384,1.0083247,1.0910383856783774,1.055715823843805
1.2411439839338925,1.0176587,1.2416188,1.2285613,1.0898657017020135,1.0495548307483544
1.219902370027923,1.0157647,1.2627977,1.2293012,1.1056711908959713,1.0812759991037697
1.255505403046414,1.0573459,1.2326542,1.176487,1.1585229739430583,1.1388100654760582
1.2043377974164375,1.1233902,1.2706683,1.2001355,1.0702879846116016,1.043177670084366
1.2064573999193944,0.9832048,1.1966251,1.007081,1.1356385340115092,1.0938428714691817
1.2769880267869118,1.0997782,1.2837349,1.1932309,1.1714520049999493,1.1341181252160448
1.2641941314364868,0.98761195,1.2232344,1.1894367,1.1302248953975134,1.0741472347338488
1.2936807083167756,0.91894263,1.256359,1.2040015,1.2176888293394041,1.1559935487456598
1.2656718134226335,1.0372673,1.2310622,1.2299012,1.1663390999483596,1.131331995975495
1.2977234945267462,0.9583441,1.2966275,1.2354865,1.2130632915851964,1.1735015784383322
1.2033358107279295,0.8181903,1.2714806,1.2081677,1.0947586527480846,1.0370404616144362
1.3110409339875142,1.0704842,1.2921296,1.2104805,1.2187357422766403,1.1799648459517629
1.2007355663597645,1.0782373,1.2301954,1.1952869,1.1172031772550763,1.0918460893103026
1.2313662256286528,1.0118155,1.183527,1.1778065,1.0610900875178404,1.0292696630101965
1.2311180401084478,0.9719279,1.1842707,1.2016282,1.0861436258434005,1.0456794446640147
1.222737728126265,0.9007188,1.2203304,1.1698935,1.1320407673914636,1.0848551662902222
1.227589992146675,1.119039,1.2335861,1.0031899,1.1097592982662507,1.0822952395465415
1.2453960485374431,1.0504816,1.3104111,1.2342349,1.1091611722795625,1.0815269924306432
1.2724143183314771,1.0360317,1.2866243,1.105416,1.1410149231087858,1.10997480752357
1.221361798465964,1.0235071,1.2256726,1.2132416,1.1067715274830028,1.0764496478278753
1.262367071673396,1.0039437,1.3132571,1.0915655,1.1313784414042014,1.1099032559227202
1.238992523777551,0.92157495,1.1917504,1.2189534,1.1047426672661251,1.066333669006394
1.2604389556297066,1.0474222,1.2519315,1.2064719,1.140734987791678,1.1093257870146565
1.21655649506929,1.0077474,1.1899468,1.2311716,1.074240039022469,1.040972786773856
1.226740965995492,1.1014779,1.2462097,1.1480693,1.1388113689548682,1.107385683973997
1.2046220920759163,0.9553735,1.1960508,1.1181375,1.125677370091704,1.086860070194404
1.2449717379618699,1.0980239,1.3422776,1.2085232,1.1856302687699714,1.1535406215048982
1.2086000300669972,1.0409391,1.3303522,1.1017845,1.0884631460889231,1.0670221406771434
1.2217344559653112,1.03286,1.2253778,1.1994638,1.0916852342713133,1.0477970444683138
1.2401954541505078,1.007566,1.2586601,1.1261802,1.10601867416522,1.0606288125429577
1.253100458448122,1.0314926,1.1903142,1.1111633,1.1111555197055685,1.0808033745380885
1.241248806897886,0.9830197,1.2639877,1.020269,1.0961836672990484,1.0723196906752857
1.2032302812391915,1.0750983,1.2199941,1.1385641,1.0615554014307154,1.0404948883526384
1.2306200327247954,1.139858,1.2224475,1.0434649,1.1231084954739818,1.102649362081633
1.338821906946961,0.9971716,1.296271,1.1524172,1.148388644769193,1.122668109865538
1.2119404242446907,1.0552387,1.2674533,1.1585028,1.0863394257335337,1.0633683342500282
1.2101185176486997,1.0183234,1.2627293,1.1289667,1.155879503599115,1.1242509406557761
1.2858523134910613,1.0741427,1.248149,1.0897574,1.168756542566091,1.14023595414203
1.2201296886647603,1.0344524,1.233451,0.93023574,1.1102089205288284,1.0799868867168008
1.233472709787394,0.99011284,1.2180811,1.1515865,1.1308627196720338,1.091658102115921
1.2043999849554738,1.0195985,1.1277894,0.8593557,1.0758756096349553,1.0249659381361464
1.2230937981888688,1.068558,1.218432,1.1698427,1.1216138888024858,1.1011354098738035
1.2880223422915575,0.89614683,1.186129,1.1640062,1.1808605764546103,1.1192408033808163
1.2559779211147892,1.0753949,1.2709311,1.0918459,1.1246322151509816,1.097330583819765
1.301499444239289,1.0303457,1.3012426,1.0432539,1.2098308511409122,1.1826538545482472
1.2032801681938887,1.0842624,1.1622356,1.0025434,1.0352466720198716,1.0125852817438648
1.2019282545533791,0.9874451,1.2225136,1.2144022,1.104002430979354,1.0566367216630816
1.201051414846713,0.98550564,1.0475512,1.0616338,1.044181406621922,1.0055164459967916
1.2011759903203552,1.1568043,1.2844435,1.2102876,1.1143965913299316,1.0918155368562017
1.2626329684053081,1.0641928,1.2479821,1.1088079,1.1390842576450475,1.1084850449073773
1.3207151951681058,1.0233004,1.2481767,1.052397,1.188738066902904,1.1510210942170545
1.2119076067014283,0.84526676,1.2360684,1.178273,1.0828756812415274,1.038954515602096
1.214866861686692,1.0194252,1.2153814,1.0863872,1.0948434612026223,1.0728728267088679
1.2367382094906638,0.91559833,1.2617167,1.2272803,1.1022620679202415,1.0502607966426147
1.2010928356890767,0.9584186,1.2269847,1.1337414,1.1256472124874108,1.0952186602706078
1.2883672332882967,1.0648953,1.3129114,1.1643438,1.1814410969935998,1.1615817423631878
1.2291701037797496,1.0835848,1.2453448,1.1409092,1.146570121384725,1.1137916360275322
1.2570368376656753,0.91983664,1.2865133,1.1209121,1.159507604882013,1.1095506896866452
1.303646534910547,1.090778,1.3519528,1.1059458,1.2493942567253997,1.213191717655948
1.2055940613449319,1.013406,1.2058414,1.2129055,1.0491302578025392,1.0287503761270118
1.2572937653621525,1.143849,1.2989583,1.2150779,1.180800974225259,1.1405254083530076
1.2574519799548303,1.0626001,1.2641584,1.1986175,1.1091035243511311,1.0353675930588806
1.2127972675017067,1.0821733,1.2464538,1.0354011,1.1131676564535609,1.0857190005457167
1.2268269211488372,0.89557123,1.2838039,1.2160947,1.1092427867588115,1.0432129198278046
1.2131084636119893,0.99759704,1.2280594,0.96607006,1.0995375674119194,1.070784639525483
1.232537864716722,1.0824804,1.2985133,1.1416233,1.1450267149069955,1.109752089276798
1.2696919120202135,1.0191641,1.2384807,1.2204759,1.1449214208616643,1.1132838399777985
1.2271657559468911,1.0655577,1.2650443,1.032223,1.1093561402076415,1.083949238854911
1.219816416363896,1.0198348,1.2267457,0.9455954,1.0812117463230035,1.0436715233861935
1.2700023203527735,1.0671382,1.2461761,1.1398968,1.1802581980948164,1.1519429799447947
1.2091734067508035,0.9514192,1.2689832,1.2202022,1.1020518981617036,1.071458417871011
1.2100739458551035,1.048574,1.1990346,1.1546109,1.0655731714342536,1.0421601395897468
1.2133849228360778,1.1011581,1.2427177,1.1985984,1.1378642059563102,1.1073342790730285
1.2315227062057803,0.97482735,1.2353688,1.1319093,1.102380582136651,1.0783441816150483
1.246271916165151,1.0025902,1.2654624,1.2256536,1.0987385843318052,1.0539180974884848
1.2535046798752132,1.0641377,1.2770537,1.1238242,1.143444857770327,1.1196347854731359
1.2117501007012723,0.98629874,1.1644633,0.84808433,0.9654868449022049,0.9131419784808519
